{
  "stars": [
    {
      "x": 0.7820526807980049,
      "y": 0.4395582329317269
    },
    {
      "x": 0.7461424563591023,
      "y": 0.39157965194109773
    },
    {
      "x": 0.6005065461346634,
      "y": 0.34531459170013384
    },
    {
      "x": 0.21945916458852868,
      "y": 0.28876840696117806
    }
  ],
  "lines": [
    [
      0,
      1
    ],
    [
      1,
      2
    ],
    [
      2,
      3
    ]
  ]
}