{
  "stars": [
    {
      "x": 0.29726465087281795,
      "y": 0.17820252405847292
    },
    {
      "x": 0.5905314837905237,
      "y": 0.37085678132596317
    },
    {
      "x": 0.5027509351620948,
      "y": 0.49872465119376647
    },
    {
      "x": 0.7561175187032418,
      "y": 0.519183510372615
    }
  ],
  "lines": [
    [
      0,
      1
    ],
    [
      1,
      2
    ],
    [
      2,
      3
    ],
    [
      1,
      3
    ]
  ]
}