{
  "stars": [
    {
      "x": 0.6803070448877806,
      "y": 0.18187571534370162
    },
    {
      "x": 0.5167160224438903,
      "y": 0.3076954150676631
    }
  ],
  "lines": [
    [
      0,
      1
    ]
  ]
}