{
  "stars": [
    {
      "x": 0.7800576683291771,
      "y": 0.3589224468049682
    },
    {
      "x": 0.8059928304239401,
      "y": 0.29925077419999335
    },
    {
      "x": 0.31920978802992517,
      "y": 0.3793813059838167
    },
    {
      "x": 0.12569357855361596,
      "y": 0.560101228730312
    }
  ],
  "lines": [
    [
      0,
      1
    ],
    [
      1,
      2
    ],
    [
      2,
      3
    ]
  ]
}