{
  "stars": [
    {
      "x": 0.5007559226932669,
      "y": 0.22572674902600645
    },
    {
      "x": 0.524696072319202,
      "y": 0.6911657953448104
    },
    {
      "x": 0.6823020573566084,
      "y": 0.3672338583463754
    },
    {
      "x": 0.2872895885286783,
      "y": 0.4149711964303553
    }
  ],
  "lines": [
    [
      0,
      1
    ],
    [
      2,
      3
    ]
  ]
}