{
  "stars": [
    {
      "x": 0.2414043017456359,
      "y": 0.5311178448936099
    },
    {
      "x": 0.554621259351621,
      "y": 0.5021344610569078
    },
    {
      "x": 0.8000077930174564,
      "y": 0.5498717991408878
    },
    {
      "x": 0.4329254987531172,
      "y": 0.6385268555825647
    }
  ],
  "lines": [
    [
      0,
      1
    ],
    [
      1,
      2
    ],
    [
      2,
      3
    ],
    [
      0,
      3
    ]
  ]
}