{
  "stars": [
    {
      "x": 0.4189604114713217,
      "y": 0.22125137358063335
    },
    {
      "x": 0.2793095386533666,
      "y": 0.2979720955013153
    },
    {
      "x": 0.7441474438902743,
      "y": 0.6287236522260331
    }
  ],
  "lines": [
    [
      0,
      1
    ],
    [
      1,
      2
    ],
    [
      0,
      2
    ]
  ]
}